<?xml version="1.0" encoding="UTF-8"?>
<rss version="2.0" xmlns:atom="http://www.w3.org/2005/Atom">
  <channel>
    <title>Tierschutzverein - MeSaHayKoDer - Türkei</title>
    <description></description>
    <link>http://www.tierheim-oezdere.de//</link>
    <atom:link href="http://www.tierheim-oezdere.de//feed.xml" rel="self" type="application/rss+xml"/>
    <pubDate>Thu, 14 Apr 2016 21:28:17 +0200</pubDate>
    <lastBuildDate>Thu, 14 Apr 2016 21:28:17 +0200</lastBuildDate>
    <generator>Jekyll v3.1.0</generator>
    
      <item>
        <title>Katze - ca. 1 Jahre</title>
        <description>&lt;p&gt;Katze ist zu uns gekommen am Lorem ipsum dolor sit amet, consectetur adipisicing elit, sed do eiusmod tempor incididunt ut labore et dolore magna aliqua. Ut enim ad minim veniam, quis nostrud exercitation ullamco laboris nisi ut aliquip ex ea commodo consequat. Duis aute irure dolor in reprehenderit in voluptate velit esse cillum dolore eu fugiat nulla pariatur. Excepteur sint occaecat cupidatat non proident, sunt in culpa qui officia deserunt mollit anim id est laborum.&lt;/p&gt;

</description>
        <pubDate>Mon, 25 Jan 2016 18:52:27 +0100</pubDate>
        <link>http://www.tierheim-oezdere.de//katzen/2016/01/25/katze.html</link>
        <guid isPermaLink="true">http://www.tierheim-oezdere.de//katzen/2016/01/25/katze.html</guid>
        
        
        <category>katzen</category>
        
      </item>
    
      <item>
        <title>Manni Schäferhund - ca. 1 Jahre</title>
        <description>&lt;p&gt;Manni ist zu uns gekommen am Lorem ipsum dolor sit amet, consectetur adipisicing elit, sed do eiusmod tempor incididunt ut labore et dolore magna aliqua. Ut enim ad minim veniam, quis nostrud exercitation ullamco laboris nisi ut aliquip ex ea commodo consequat. Duis aute irure dolor in reprehenderit in voluptate velit esse cillum dolore eu fugiat nulla pariatur. Excepteur sint occaecat cupidatat non proident, sunt in culpa qui officia deserunt mollit anim id est laborum.&lt;/p&gt;

</description>
        <pubDate>Mon, 25 Jan 2016 18:52:27 +0100</pubDate>
        <link>http://www.tierheim-oezdere.de//hunde/2016/01/25/hund.html</link>
        <guid isPermaLink="true">http://www.tierheim-oezdere.de//hunde/2016/01/25/hund.html</guid>
        
        
        <category>hunde</category>
        
      </item>
    
      <item>
        <title>Neues von Payamli!</title>
        <description>&lt;p&gt;Neues von Payamli Lorem ipsum dolor sit amet, consectetur adipisicing elit, sed do eiusmod tempor incididunt ut labore et dolore magna aliqua. Ut enim ad minim veniam, quis nostrud exercitation ullamco laboris nisi ut aliquip ex ea commodo consequat. Duis aute irure dolor in reprehenderit in voluptate velit esse cillum dolore eu fugiat nulla pariatur. Excepteur sint occaecat cupidatat non proident, sunt in culpa qui officia deserunt mollit anim id est laborum.&lt;/p&gt;

&lt;p&gt;Auf &lt;a href=&quot;http://www.facebook.com&quot;&gt;Facebook&lt;/a&gt; teilen&lt;/p&gt;

</description>
        <pubDate>Mon, 25 Jan 2016 17:51:27 +0100</pubDate>
        <link>http://www.tierheim-oezdere.de//neues/2016/01/25/MeSaHayKoDer.html</link>
        <guid isPermaLink="true">http://www.tierheim-oezdere.de//neues/2016/01/25/MeSaHayKoDer.html</guid>
        
        
        <category>neues</category>
        
      </item>
    
      <item>
        <title>Jamilie Schäferhund - ca. 3 Jahre</title>
        <description>&lt;p&gt;Jamilie ist zu uns gekommen am Lorem ipsum dolor sit amet, consectetur adipisicing elit, sed do eiusmod tempor incididunt ut labore et dolore magna aliqua.&lt;/p&gt;

</description>
        <pubDate>Sat, 16 Jan 2016 18:52:27 +0100</pubDate>
        <link>http://www.tierheim-oezdere.de//hunde/2016/01/16/hund.html</link>
        <guid isPermaLink="true">http://www.tierheim-oezdere.de//hunde/2016/01/16/hund.html</guid>
        
        
        <category>hunde</category>
        
      </item>
    
      <item>
        <title>August auf Payamli</title>
        <description>&lt;p&gt;August auf Payamli lorem ipsum dolor sit amet, consectetur adipisicing elit, sed do eiusmod tempor incididunt ut labore et dolore magna aliqua. Ut enim ad minim veniam, quis nostrud exercitation ullamco laboris nisi ut aliquip ex ea commodo consequat. Duis aute irure dolor in reprehenderit in voluptate velit esse cillum dolore eu fugiat nulla pariatur. Excepteur sint occaecat cupidatat non proident, sunt in culpa qui officia deserunt mollit anim id est laborum.&lt;/p&gt;

&lt;p&gt;Auf &lt;a href=&quot;http://www.facebook.com&quot;&gt;Facebook&lt;/a&gt; teilen&lt;/p&gt;

</description>
        <pubDate>Sat, 16 Jan 2016 17:52:27 +0100</pubDate>
        <link>http://www.tierheim-oezdere.de//neues/2016/01/16/MeSaHayKoDer.html</link>
        <guid isPermaLink="true">http://www.tierheim-oezdere.de//neues/2016/01/16/MeSaHayKoDer.html</guid>
        
        
        <category>neues</category>
        
      </item>
    
  </channel>
</rss>
